<?xml version="1.0" encoding="UTF-8"?>
<project-private xmlns="http://www.netbeans.org/ns/project-private/1">
    <editor-bookmarks xmlns="http://www.netbeans.org/ns/editor-bookmarks/2" lastBookmarkId="0"/>
    <open-files xmlns="http://www.netbeans.org/ns/projectui-open-files/2">
        <group>
            <file>file:/C:/xampp/htdocs/bakmigili/views/payment/list.php</file>
            <file>file:/C:/xampp/htdocs/bakmigili/views/print/list.php</file>
            <file>file:/C:/xampp/htdocs/bakmigili/views/order/print.php</file>
            <file>file:/C:/xampp/htdocs/bakmigili/views/print_order/list2.php</file>
            <file>file:/C:/xampp/htdocs/bakmigili/views/order/list_backup.php</file>
            <file>file:/C:/xampp/htdocs/bakmigili/views/print1/list.php</file>
            <file>file:/C:/xampp/htdocs/bakmigili/list.php</file>
            <file>file:/C:/xampp/htdocs/bakmigili/views/layout/header_lama.php</file>
            <file>file:/C:/xampp/htdocs/bakmigili/views/print_bill/list.php</file>
            <file>file:/C:/xampp/htdocs/bakmigili/js/chart/app.js</file>
            <file>file:/C:/xampp/htdocs/bakmigili/views/layout/home2.php</file>
            <file>file:/C:/xampp/htdocs/bakmigili/views/print_order/list.php</file>
            <file>file:/C:/xampp/htdocs/bakmigili/views/print_order/list1.php</file>
        </group>
    </open-files>
</project-private>
